PG,PL,OBJ,SITE,FEATURE,OBJECT,STYLE,ShVesHPW,GefTyp,ShRimHPW,PL_muendD_mm,Pl_muendH_mm,Pl_minD_mm,Pl_minD_H_mm,Pl_maxD_mm,Pl_maxD_H_mm,Pl_BodenD_mm,Massstab5cm,NOTES
,7,1,IYO,81/1,,IMB,,,,,,,,,,,,
,7,2,IYO,81/1,,IMB,,,,,,,,,,,,
,7,3,IYO,81/1,,IMB,,,,,,,,,,,,
,7,4,IYO,81/1,,IMB,,,,,,,,,,,,
,7,5,IYO,81/1,,IMB,,,,,,,,,,,,
,7,6,IYO,81/1,,IMB,,,,,,,,,,,,
,7,7,IYO,81/1,,IMB,,,,,,,,,,,,
,7,8,IYO,81/1,,IMB,,,,,,,,,,,,
,8,1,IYO,81/1,,,,,,,,,,,,,,
,8,2,IYO,81/1,,IMB,,,,,,,,,,,,
,8,3,IYO,81/1,,LNG,,,,,,,,,,,,
,8,4,IYO,81/2,,BOT,,,,,,,,,,,,
,8,5,IYO,81/2,,MON,,,,,,,,,,,,
,8,6,IYO,81/2,,NKI,,,,,,,,,,,,
,8,7,IYO,81/2,,,,,,,,,,,,,,
,8,8,IYO,81/2,,BOT,,,,,,,,,,,,
,8,9,IYO,81/2,,,,,,,,,,,,,,
,8,10,IYO,81/2,,MON/BOK,,,,,,,,,,,,
,8,11,IYO,81/2,,MON/BOK,,,,,,,,,,,,
,8,12,IYO,81/2,,MON/BOK,,,,,,,,,,,,
,8,13,IYO,81/2,,,,,,,,,,,,,,
,9,1,MBA,81/1,-1,BDG,,,,,,,,,,,,
,9,2,MBA,81/2,-1,BOT,,,,,,,,,,,,
,9,3,MBA,81/2,/I-1,NKI,,,,,,,,,,,,
,9,4,MBA,81/2,/I-2,NKI,,,,,,,,,,,,
,9,5,MBA,81/2,/I-4,BOT/IKE,,,,,,,,,,,,
,9,6,MBA,81/2,/I-3,BDG,,,,,,,,,,,,
,9,7,MBA,81/2,,BDG,,,,,,,,,,,,
,9,8,MBA,81/2,/I-3,BDG,,,,,,,,,,,,
,9,9,MBA,81/2,,BDG,,,,,,,,,,,,
,9,10,MBA,81/2,/I-4,BDG,,,,,,,,,,,,
,9,11,MBA,81/2,,BDG,,,,,,,,,,,,
,9,12,MBA,81/2,/I-7,BDG,,,,,,,,,,,,
,9,13,MBA,81/2,,BDG,,,,,,,,,,,,
,9,14,MBA,81/2,,BDG,,,,,,,,,,,,
,9,15,MBA,81/2,/I-7,BDG,,,,,,,,,,,,
,9,16,MBA,81/2,/I-7,BDG,,,,,,,,,,,,
,9,17,MBA,81/2,-6,BDG,,,,,,,,,,,,
,10,1,MBA,81/2,,BDG,,,,,,,,,,,,
,10,2,MBA,81/2,-2,BDG,,,,,,,,,,,,
,10,3,MBA,81/2,,BDG,,,,,,,,,,,,
,10,4,MBA,81/2,-3+4,BDG/MBA,,,,,,,,,,,,
,10,5,MBA,81/2,,BDG,,,,,,,,,,,,
,10,6,MBA,81/2,-5,BDG,,,,,,,,,,,,
,10,7,MBA,81/2,,BDG,,,,,,,,,,,,
,10,8,MBA,81/2,/I-1,,,,,,,,,,,,,
,10,9,MBA,81/2,-5+6,BDG,,,,,,,,,,,,
,10,10,MBA,81/2,/I-3,BDG,,,,,,,,,,,,
,10,11,MBA,81/2,,BDG,,,,,,,,,,,,
,10,12,MBA,81/2,/I-6,BDG,,,,,,,,,,,,
,10,13,MBA,81/2,/I-5,BDG,,,,,,,,,,,,
,10,14,MBA,81/2,/I-7,BDG,,,,,,,,,,,,
,10,15,MBA,81/2,-6,BDG,,,,,,,,,,,,
,10,16,MBA,81/2,-5,BDG,,,,,,,,,,,,
,10,17,MBA,81/2,/I-7,BDG,,,,,,,,,,,,
,10,18,MBA,81/2,/I-7,BDG,,,,,,,,,,,,
,11,1,MBA,81/2,-5,BDG,,,,,,,,,,,,
,11,2,MBA,81/2,/I-5,BDG,,,,,,,,,,,,
,11,3,MBA,81/2,/I,BDG/MBA,,,,,,,,,,,,
,11,4,MBA,81/2,-5+6,BDG,,,,,,,,,,,,
,11,5,MBA,81/2,,BDG,,,,,,,,,,,,
,11,6,MBA,81/2,/I-2,BDG/MBA,,,,,,,,,,,,
,11,7,MBA,81/2,,BDG,,,,,,,,,,,,
,11,8,MBA,81/2,,,,,,,,,,,,,,
,11,9,MBA,81/2,/I-7,BDG/MBA,,,,,,,,,,,,
,11,10,MBA,81/2,/I-2,,,,,,,,,,,,,
,11,11,MBA,81/2,,BDG/MBA,,,,,,,,,,,,
,11,12,MBA,81/2,/I-2,,,,,,,,,,,,,
,11,13,MBA,81/2,/I-7,,,,,,,,,,,,,
,11,14,MBA,81/2,-4,,,,,,,,,,,,,
,12,1,MBA,81/2,-6,MBA,,,,,,,,,,,,
,12,2,MBA,81/2,/I-7,MBA,,,,,,,,,,,,
,12,3,MBA,81/2,-5,MBA,,,,,,,,,,,,
,12,4,MBA,81/2,,MBA,,,,,,,,,,,,
,12,5,MBA,81/2,,MBA,,,,,,,,,,,,
,12,6,MBA,81/2,,MBA,,,,,,,,,,,,
,12,7,MBA,81/2,-2+3+6,MBA,,,,,,,,,,,,
,12,8,MBA,81/2,-2,MBA,,,,,,,,,,,,
,12,9,MBA,81/2,-3,MBA,,,,,,,,,,,,
,12,10,MBA,81/2,-6,MBA,,,,,,,,,,,,
,12,11,MBA,81/2,/I,MBA,,,,,,,,,,,,
,13,1,MBA,81/2,/I-7,MBA,,,,,,,,,,,,
,13,2,MBA,81/2,,MBA,,,,,,,,,,,,
,13,3,MBA,81/2,,MBA,,,,,,,,,,,,
,13,4,MBA,81/2,/I-7,MBA,,,,,,,,,,,,
,13,5,MBA,81/2,/I-7,MBA,,,,,,,,,,,,
,14,1,MBA,81/3,-4,BOT,,,,,,,,,,,,
,14,2,MBA,81/3,-3,BOT,,,,,,,,,,,,
,14,3,MBA,81/3,-2,BDG,,,,,,,,,,,,
,14,4,MBA,81/3,-1,BDG,,,,,,,,,,,,
,14,5,Bikoro,,,Inganda,,,,,,,,,,,,
,14,6,MBA,,,Inganda,,,,,,,,,,,,
,14,7,Inganda,,,Inganda,,,,,,,,,,,,
,14,8,MBA,,,LOK,,,,,,,,,,,,
,14,9,MBA,,,LON,,,,,,,,,,,,
,14,10,Irebu,,,LON,,,,,,,,,,,,
,15,1,MBA,,,BDG,,,,,,,,,,,,
,15,2,MBA,,,BDG,,,,,,,,,,,,
,15,3,MBA,,,BDG,,,,,,,,,,,,
,15,4,MBA,,,BDG,,,,,,,,,,,,
,15,5,MBA,,,BDG,,,,,,,,,,,,
,15,6,IYO,,,BOT,,,,,,,,,,,,
,15,7,MBA,,,MBA,,,,,,,,,,,,
,15,8,MBA,,,BOT,,,,,,,,,,,,
,15,9,MBA,,,,,,,,,,,,,,,
,15,10,MBA,,,Uele-Import,,,,,,,,,,,,
,16,1,BAM,81/1,,NKI/BOT,,,,,,,,,,,,
,16,2,BAM,81/1,,BDG,,,,,,,,,,,,
,16,3,BAM,81/1,,NKI/BOT,,,,,,,,,,,,
,16,4,BAM,81/1,,BDG,,,,,,,,,,,,
,16,5,BAM,81/2,,BOT,,,,,,,,,,,,
,16,6,BAM,83/1,,NKI,,,,,,,,,,,,
,16,7,BAM,83/1,,NKI,,,,,,,,,,,,
,16,8,BAM,83/1,,NKI,,,,,,,,,,,,
,16,9,BAM,83/1,,BDG,,,,,,,,,,,,
,16,10,BAM,83/1,,BDG,,,,,,,,,,,,
,16,11,BAM,83/1,,BDG,,,,,,,,,,,,
,17,1,BAM,83/1,,BDG,,,,,,,,,,,,
,17,2,BAM,83/1,,BDG,,,,,,,,,,,,
,17,3,BAM,83/1,,BDG,,,,,,,,,,,,
,17,4,BAM,83/1,,BDG,,,,,,,,,,,,
,17,5,BAM,83/1,,BDG,,,,,,,,,,,,
,18,1,BAM,83/2,,NKI,,,,,,,,,,,,
,18,2,BAM,83/2,,NKI,,,,,,,,,,,,
,18,3,BAM,83/2,,NKI,,,,,,,,,,,,
,18,4,BKE,81/1,,IMB,,,,,,,,,,,,
,18,5,BKE,81/1,,IMB,,,,,,,,,,,,
,18,6,BKE,81/1,,IMB,,,,,,,,,,,,
,18,7,BKE,81/1,,IMB,,,,,,,,,,,,
,18,8,BKE,81/1,,IMB,,,,,,,,,,,,
,18,9,BKE,81/1,,IMB,,,,,,,,,,,,
,18,10,BKE,81/1,,IMB,,,,,,,,,,,,
,18,11,BKE,81/1,,IMB,,,,,,,,,,,,
,18,12,BKE,81/1,,IMB,,,,,,,,,,,,
,18,13,BKE,81/1,,IMB,,,,,,,,,,,,
,18,14,BKE,81/1,,IMB,,,,,,,,,,,,
,18,15,BKE,81/1,,IMB,,,,,,,,,,,,
,18,16,BKE,81/1,,IMB,,,,,,,,,,,,
,18,17,BKE,81/1,,IMB,,,,,,,,,,,,
,18,18,BKE,81/1,,IMB,,,,,,,,,,,,
,18,19,BKE,81/1,,IMB,,,,,,,,,,,,
,18,20,BKE,81/1,,IMB,,,,,,,,,,,,
,18,21,BKE,81/1,,IMB,,,,,,,,,,,,
,18,22,BKE,81/1,,IMB,,,,,,,,,,,,
,19,1,BKE,81/1,,IMB,,,,,,,,,,,,
,19,2,BKE,81/1,,IMB,,,,,,,,,,,,
,19,3,BKE,81/1,,IMB,,,,,,,,,,,,
,19,4,BKE,81/1,,IMB,,,,,,,,,,,,
,19,5,BKE,81/1,,IMB,,,,,,,,,,,,
,19,6,BKE,81/1,,IMB,,,,,,,,,,,,
,19,7,BKE,81/1,,IMB,,,,,,,,,,,,
,19,8,BKE,81/1,,IMB,,,,,,,,,,,,
,19,9,BKE,81/1,,IMB,,,,,,,,,,,,
,19,10,BKE,81/1,,IMB,,,,,,,,,,,,
,20,1,BKE,81/2,/I,BKE,,,,,,,,,,,,
,20,2,BKE,81/2,/II,Lingonda,,,,,,,,,,,,
,20,3,BKE,81/2,/II,BOK/Lindonga,,,,,,,,,,,,
,20,4,BKE,81/2,/II,BKE,,,,,,,,,,,,
,20,5,BKE,81/2,/II,BKE,,,,,,,,,,,,
,20,6,BKE,81/2,/II,BKE,,,,,,,,,,,,
,20,7,BKE,81/2,/II,BKE,,,,,,,,,,,,
455,21,1,BKE,81/3,-2,LON,,,,,,,,,,,,
455,21,2,BKE,81/3,-1,LON,,F4,,,50,,,"61,5",,0,"20,5",Höhe geschätzt
455,21,3,BKE,81/3,-1,LON,,,,,,,,,,,,
455,21,4,BKE,81/3,-1,LON,,,,,,,,,,,,
455,21,5,BKE,81/3,-1,LON,,,,,,,,,,,,
455,21,6,BKE,81/3,-1,Lokondola,,,,,,,,,,,,
455,21,7,BKE,81/3,-1,Lingonda,,,,,,,,,,,,
455,21,8,BKE,81/3,-1,Lingonda,,,,,,,,,,,,
455,21,9,BKE,81/3,-1,Lingonda,,,,,,,,,,,,
,22,1,BKE,81/4,,LON,,,,,,,,,,,,
,22,2,BKE,81/4,,LON,,,,,,,,,,,,
,22,3,BKE,81/4,,LON,,,,,,,,,,,,
,22,4,BKE,81/4,,LON,,,,,,,,,,,,
,22,5,BKE,81/4,,LON,,,,,,,,,,,,
,22,6,BKE,81/4,,LON,,,,,,,,,,,,
,22,7,BKE,81/4,,LON,,,,,,,,,,,,
,22,8,BKE,81/4,,LON,,,,,,,,,,,,
,22,9,BKE,81/4,,LON,,,,,,,,,,,,
,22,10,BKE,81/4,,LON,,,,,,,,,,,,
,22,11,BKE,81/4,,LON,,,,,,,,,,,,
,22,12,BKE,81/4,,LON,,,,,,,,,,,,
,22,13,BKE,81/4,,LON,,,,,,,,,,,,
,22,14,BKE,81/4,,LON,,,,,,,,,,,,
,23,1,BKE,81/4,,LON,,,,,,,,,,,,
,23,2,BKE,81/4,,LON,,,,,,,,,,,,
,23,3,BKE,81/4,,LON/BDG,,,,,,,,,,,,
,23,4,BKE,81/4,,LON,,,,,,,,,,,,
,23,5,BKE,81/4,,LON,,,,,,,,,,,,
,23,6,BKE,81/4,,LON,,,,,,,,,,,,
,23,7,BKE,81/4,,MBA,,,,,,,,,,,,
,23,8,BKE,81/4,,MBA,,,,,,,,,,,,
,23,9,BKE,81/4,,,,,,,,,,,,,,
,23,10,BKE,81/4,,MBA,,,,,,,,,,,,
,23,11,BKE,81/4,,Lingonda,,,,,,,,,,,,
,23,12,BKE,81/4,,BOK,,,,,,,,,,,,
,23,13,BKE,81/4,,MBA,,,,,,,,,,,,
,23,14,BKE,81/4,,,,,,,,,,,,,,
,24,1,NKI,1,0,BOT,,,,,,,,,,,,
,24,2,NKI,1,/IV-1,BOT,,,,,,,,,,,,
,24,3,NKI,1,/IV-1,BOT,,,,,,,,,,,,
,24,4,NKI,1,/IV-2-(4),BOT,,,,,,,,,,,,
,24,5,NKI,1,/III-1+IV-1,BOT,,,,,,,,,,,,
,24,6,NKI,1,/IV-3,BOT,,,,,,,,,,,,
,24,7,NKI,1,/II-2-(4),NKI,,,,,,,,,,,,
,24,8,NKI,1,/III-2-(4),NKI,,,,,,,,,,,,
,24,9,NKI,1,/II-2-(4),NKI,,,,,,,,,,,,
,24,10,NKI,1,/IV-3,NKI,,,,,,,,,,,,
,24,11,NKI,1,/II-2-(4),NKI,,,,,,,,,,,,
,24,12,NKI,1,/II-2-(4),NKI,,,,,,,,,,,,
,24,13,NKI,1,/II-2,NKI,,,,,,,,,,,,
,24,14,NKI,1,/II-2-(4),NKI,,,,,,,,,,,,
,25,1,NKI,1,/IV-2+(4)+3,NKI,,,,,,,,,,,,
,25,2,NKI,1,/II-2-(4),NKI,,,,,,,,,,,,
,25,3,NKI,1,/III-2-(4),NKI,,,,,,,,,,,,
,25,4,NKI,1,/IV-2-(4),NKI,,,,,,,,,,,,
,25,5,NKI,1,-2-(4),NKI,,,,,,,,,,,,
,25,6,NKI,1,/IV-2-(4),NKI,,,,,,,,,,,,
,25,7,NKI,1,/III-2-(4),NKI,,,,,,,,,,,,
,25,8,NKI,1,/III-2-(4),NKI,,,,,,,,,,,,
,25,9,NKI,1,/IV-4,NKI,,,,,,,,,,,,
,25,10,NKI,1,-2-(4),NKI,,,,,,,,,,,,
,25,11,NKI,1,/III-2-(4),NKI,,,,,,,,,,,,
,25,12,NKI,1,/III-2-(4),NKI,,,,,,,,,,,,
,25,13,NKI,1,/II-2-(4),NKI,,,,,,,,,,,,
,25,14,NKI,1,/III-2,NKI,,,,,,,,,,,,
,25,15,NKI,1,-2-(4),NKI,,,,,,,,,,,,
,25,16,NKI,1,/III-2-(4),NKI,,,,,,,,,,,,
,26,1,NKI,1,/III-2-(4),NKI,,,,,,,,,,,,
,26,2,NKI,1,/IV-2,NKI,,,,,,,,,,,,
,26,3,NKI,1,/II-2-(4),BDG,,,,,,,,,,,,
,26,4,NKI,1,/II-2-(4),NKI,,,,,,,,,,,,
,26,5,NKI,1,/IV-3,BDG/NKI,,,,,,,,,,,,
,26,6,NKI,1,/IV-2-(4),BDG,,,,,,,,,,,,
,26,7,NKI,1,/III-2-(4),BDG,,,,,,,,,,,,
,26,8,NKI,1,/II-2-(4),BDG,,,,,,,,,,,,
,26,9,NKI,1,/III-2-(4),MBA,,,,,,,,,,,,
,26,10,NKI,1,/III-2-(4),BDG/MBA,,,,,,,,,,,,
,26,11,NKI,1,/II-2-(4),BDG,,,,,,,,,,,,
,26,12,NKI,1,/III-2-(4),MBA,,,,,,,,,,,,
,26,13,NKI,1,/IV-3,BDG/MBA,,,,,,,,,,,,
,26,14,NKI,1,-0+2-(4),BDG/MBA,,,,,,,,,,,,
,26,15,NKI,1,-2-(4),LON,,,,,,,,,,,,
,26,16,NKI,1,/III-2-(4),LON,,,,,,,,,,,,
,26,17,NKI,1,/IV-3,Monkoto,,,,,,,,,,,,
,26,18,NKI,1,-2+1 /III-2-(4),LON,,,,,,,,,,,,
,26,19,NKI,1,/III-2-(4),LON,,,,,,,,,,,,
,26,20,NKI,1,/III-3,Lokondola,,,,,,,,,,,,
,26,21,NKI,1,/III-3,Lokondola,,,,,,,,,,,,
,26,22,NKI,1,/IV-4,Lokondola,,,,,,,,,,,,
,27,1,NKI,1,/IV-4,Lokondola,,,,,,,,,,,,
,27,2,NKI,1,/III-2-(4),Lokondola,,,,,,,,,,,,
,27,3,NKI,1,/IV-3,Lokondola,,,,,,,,,,,,
,27,4,NKI,1,/IV-4,Lokondola,,,,,,,,,,,,
,27,5,NKI,1,/IV-3,Lokondola,,,,,,,,,,,,
,27,6,NKI,1,/IV-3,IMB,,,,,,,,,,,,
,27,7,NKI,1,/IV-3,IMB,,,,,,,,,,,,
,27,8,NKI,1,/IV-3,IMB,,,,,,,,,,,,
,27,9,NKI,1,/IV-3,IMB,,,,,,,,,,,,
,27,10,NKI,1,/IV-3+4,IMB,,,,,,,,,,,,
,27,11,NKI,1,-3,,,,,,,,,,,,,
,27,12,NKI,1,-2,,,,,,,,,,,,,
,28,1,NKI,2,-9,BOT,,,,,,,,,,,,
,28,2,NKI,2,-8,BOT,,,,,,,,,,,,
,28,3,NKI,2,-1,BOT,,,,,,,,,,,,
,28,4,NKI,2,-2+3,BOT,,,,,,,,,,,,
,28,5,NKI,2,-2,BOT,,,,,,,,,,,,
,28,6,NKI,2,-2,BOT,,,,,,,,,,,,
,28,7,NKI,2,-8,BOT,,,,,,,,,,,,
,28,8,NKI,2,-3,BOT,,,,,,,,,,,,
,28,9,NKI,2,-1,BOT,,,,,,,,,,,,
,28,10,NKI,2,-1,BOT,,,,,,,,,,,,
,28,11,NKI,2,-3,BOT,,,,,,,,,,,,
,28,12,NKI,2,-8+6-(4)+(5),BOT,,,,,,,,,,,,
,28,13,NKI,2,-6,BOT,,,,,,,,,,,,
,28,14,NKI,2,-1+6-(2),BOT,,,,,,,,,,,,
,29,1,NKI,2,-8,LON,,,,,,,,,,,,
,29,2,NKI,2,-5,LON,,,,,,,,,,,,
,29,3,NKI,2,-8,LON,,,,,,,,,,,,
,29,4,NKI,2,-2,Monkoto,,,,,,,,,,,,
,29,5,NKI,2,-6,LON,,,,,,,,,,,,
,29,6,NKI,2,-4,Monkoto,,,,,,,,,,,,
,29,7,NKI,2,-5,Monkoto,,,,,,,,,,,,
,29,8,NKI,2,-1,Monkoto,,,,,,,,,,,,
,29,9,NKI,2,-4,Monkoto,,,,,,,,,,,,
,29,10,NKI,2,-3,Monkoto,,,,,,,,,,,,
,29,11,NKI,2,-5,Lokondola,,,,,,,,,,,,
,29,12,NKI,2,-2,Lokondola,,,,,,,,,,,,
,29,13,NKI,2,-2,Lokondola,,,,,,,,,,,,
,29,14,NKI,2,-6,Lokondola,,,,,,,,,,,,
,29,15,NKI,2,-9,Lokondola,,,,,,,,,,,,
,29,16,NKI,2,-3+4,Bonkake,,,,,,,,,,,,
,29,17,NKI,3,-3,BOT,,,,,,,,,,,,
,29,18,NKI,3,-7+6-(3),BOT,,,,,,,,,,,,
,29,19,NKI,3,-1,BOT,,,,,,,,,,,,
,29,20,NKI,3,-1,BOT,,,,,,,,,,,,
,30,1,NKI,3,-4,BOT,,,,,,,,,,,,
,30,2,NKI,3,-1,BOT,,,,,,,,,,,,
,30,3,NKI,3,-2,BOT,,,,,,,,,,,,
,30,4,NKI,3,-5,Monkoto,,,,,,,,,,,,
,30,5,NKI,3,-7,BOT,,,,,,,,,,,,
,30,6,NKI,3,-5,Monkoto,,,,,,,,,,,,
,30,7,NKI,3,-1,BOK,,,,,,,,,,,,
,30,8,NKI,3,-1,Lingonda,,,,,,,,,,,,
,30,9,NKI,3,-1,Lokondola,,,,,,,,,,,,
,30,10,NKI,3,-5,Lokondola,,,,,,,,,,,,
,30,11,NKI,3,-1,Lokondola,,,,,,,,,,,,
,30,12,NKI,6,-(3),BOT,,,,,,,,,,,,
,30,13,NKI,6,-(5),BOT,,,,,,,,,,,,
,31,1,NKI,6,-(3),BOT,,,,,,,,,,,,
,31,2,NKI,6,-(5),BOT,,,,,,,,,,,,
,31,3,NKI,6,-(5),BOT,,,,,,,,,,,,
,31,4,NKI,6,-(3),BOT,,,,,,,,,,,,
,31,5,NKI,6,-(2),BOT,,,,,,,,,,,,
,31,6,NKI,6,-(0)+(4)+(5),BOT,,,,,,,,,,,,
,31,7,NKI,6,-(3),BOT,,,,,,,,,,,,
,31,8,NKI,6,-(3)+(4),BOT,,,,,,,,,,,,
,31,9,NKI,6,-(5),BOT,,,,,,,,,,,,
,31,10,NKI,6,-(6),BOT,,,,,,,,,,,,
,31,11,NKI,6,-(6),BOT,,,,,,,,,,,,
,31,12,NKI,6,-(5)+(6),BOT,,,,,,,,,,,,
,32,1,NKI,6,-(3),BOT,,,,,,,,,,,,
,32,2,NKI,6,-(4),BOT,,,,,,,,,,,,
,32,3,NKI,6,-(4),LON,,,,,,,,,,,,
,32,4,NKI,6,-(5),LON,,,,,,,,,,,,
,32,5,NKI,6,-(5),LON,,,,,,,,,,,,
,32,6,NKI,6,-(3),MON,,,,,,,,,,,,
,32,7,NKI,6,-(5),Lokondola,,,,,,,,,,,,
,32,8,NKI,6,-(3),Lokondola,,,,,,,,,,,,
,32,9,NKI,6,-(4),Lokondola,,,,,,,,,,,,
,32,10,NKI,2,-7-(5),BOT,,,,,,,,,,,,
,32,11,NKI,3,-3,,,,,,,,,,,,,
,32,12,NKI,2,-7-(5),BOT,,,,,,,,,,,,
,32,13,NKI,3,-7-(5),,,,,,,,,,,,,
,33,1,NKI,2,-4,BOT,,,,,,,,,,,,
,33,2,NKI,2,-7-(5),BOT,,,,,,,,,,,,
,33,3,NKI,2,-7-(5),BOT,,,,,,,,,,,,
,33,4,NKI,2,-7-(5),BOT,,,,,,,,,,,,
,33,5,NKI,2,-7-(5),BOT,,,,,,,,,,,,
,33,6,NKI,2,-7-(5),BLD/Bokone,,,,,,,,,,,,
,33,7,NKI,3,-7-(5),MON,,,,,,,,,,,,
,33,8,NKI,3,-7-(5),LON,,,,,,,,,,,,
,33,9,NKI,4,/II-1,BOT,,,,,,,,,,,,
,33,10,NKI,4,/III-(4),BOT,,,,,,,,,,,,
,33,11,NKI,4,/III-(3),BOT,,,,,,,,,,,,
,33,12,NKI,4,/III-(4),,,,,,,,,,,,,
,33,13,NKI,4,/II-3,BOT,,,,,,,,,,,,
,34,1,NKI,4,/III-(1),BOT,,,,,,,,,,,,
,34,2,NKI,4,/III-(2),BOT,,,,,,,,,,,,
,34,3,NKI,4,/III-(3),BOT,,,,,,,,,,,,
,34,4,NKI,4,/I-3,BDG/MBA,,,,,,,,,,,,
,34,5,NKI,4,/I-2,BDG,,,,,,,,,,,,
,34,6,NKI,4,/II-4,LON,,,,,,,,,,,,
,34,7,NKI,4,/III-(4),LON,,,,,,,,,,,,
,34,8,NKI,4,/II-4,LON,,,,,,,,,,,,
,34,9,NKI,4,/I-3,LON,,,,,,,,,,,,
,34,10,NKI,4,/I-3,LON,,,,,,,,,,,,
,35,1,NKI,4,/II-4,MON,,,,,,,,,,,,
,35,2,NKI,4,/II-5,MON,,,,,,,,,,,,
,35,3,NKI,4,/II-3,MON,,,,,,,,,,,,
,35,4,NKI,4,/II-6,MON,,,,,,,,,,,,
,35,5,NKI,4,/II-4,MON,,,,,,,,,,,,
,35,6,NKI,4,/I-3,Lokondola,,,,,,,,,,,,
,35,7,NKI,4,/III-(4),Lokondola,,,,,,,,,,,,
,35,8,NKI,4,/I-3,Lokondola,,,,,,,,,,,,
,35,9,NKI,4,/I-3,Lokondola,,,,,,,,,,,,
,35,10,NKI,4,/III-(3),Lokondola,,,,,,,,,,,,
,35,11,NKI,4,/I-2,Lokondola,,,,,,,,,,,,
,35,12,NKI,4,/III-(4),Lokondola,,,,,,,,,,,,
,35,13,NKI,5,0,IMB,,,,,,,,,,,,
,35,14,BOK,1954,,,,,,,,,,,,,,
,35,15,BOK,1954,,BOT,,,,,,,,,,,,
,35,16,BOK,1954,,,,,,,,,,,,,,
,35,17,BOK,1954,,BOT,,,,,,,,,,,,
,35,18,BOK,1954,,BOT,,,,,,,,,,,,
,35,19,BOK,1954,,LON/BDG,,,,,,,,,,,,
,35,20,BOK,1954,,IMB,,,,,,,,,,,,
,35,21,BOK,1954,,IMB,,,,,,,,,,,,
,35,22,BOK,1954,,IMB,,,,,,,,,,,,
,35,23,BOK,1954,,IMB,,,,,,,,,,,,
,35,24,BOK,1954,,IMB,,,,,,,,,,,,
,35,25,BOK,1954,,IMB,,,,,,,,,,,,
,36,1,BOK,1954,,IMB,,,,,,,,,,,,
,36,2,BOK,1954,,IMB,,,,,,,,,,,,
,36,3,BOK,1954,,IMB,,,,,,,,,,,,
,36,4,BOK,1954,,IMB,,,,,,,,,,,,
,36,5,BOK,1954,,IMB,,,,,,,,,,,,
,36,6,BOK,1954,,IMB,,,,,,,,,,,,
,36,7,BOK,1954,,IMB,,,,,,,,,,,,
,36,8,BOK,1954,,IMB,,,,,,,,,,,,
,36,9,BOK,1954,,IMB,,,,,,,,,,,,
,36,10,BOK,1954,,IMB,,,,,,,,,,,,
,36,11,BOK,1954,,IMB,,,,,,,,,,,,
,36,12,BOK,1954,,IMB,,,,,,,,,,,,
,36,13,BOK,1954,,IMB,,,,,,,,,,,,
,36,14,BOK,1954,,IMB,,,,,,,,,,,,
,37,1,BOK,1954,,IMB,,,,,,,,,,,,
,37,2,BOK,1954,,IMB,,,,,,,,,,,,
,37,3,BOK,1954,,IMB,,,,,,,,,,,,
,37,4,BOK,1954,,IMB,,,,,,,,,,,,
,37,5,BOK,1954,,IMB,,,,,,,,,,,,
,37,6,BOK,1954,,IMB,,,,,,,,,,,,
,37,7,BOK,1954,,IMB,,,,,,,,,,,,
,37,8,BOK,1954,,IMB,,,,,,,,,,,,
,37,9,BOK,1954,,IMB,,,,,,,,,,,,
,38,1,BOK,85/1,-0,Inganda,,,,,,,,,,,,
,38,2,BOK,85/1,-1,Inganda,,,,,,,,,,,,
,38,3,BOK,85/1,-1,Inganda,,,,,,,,,,,,
,38,4,BOK,85/1,-1,Inganda,,,,,,,,,,,,
,38,5,BOK,85/1,-0+1,Inganda,,,,,,,,,,,,
,38,6,BOK,85/1,-1,Inganda,,,,,,,,,,,,
,38,7,BOK,85/1,-1,Inganda,,,,,,,,,,,,
,38,8,BOK,85/1,-1,Lokondola/Inganda,,,,,,,,,,,,
,38,9,BOK,85/1,-1+2,Inganda,,,,,,,,,,,,
,39,1,BOK,85/2,,Inganda,,,,,,,,,,,,
,39,2,BOK,85/2,,Inganda,,,,,,,,,,,,
,39,3,BOK,85/2,,Inganda,,,,,,,,,,,,
,39,4,BOK,85/2,,Inganda,,,,,,,,,,,,
,39,5,BOK,85/2,,Inganda,,,,,,,,,,,,
,39,6,BOK,85/2,,Inganda,,,,,,,,,,,,
,39,7,BOK,85/2,,Inganda,,,,,,,,,,,,
,39,8,BOK,85/2,,Inganda,,,,,,,,,,,,
,39,9,BOK,85/2,,Inganda,,,,,,,,,,,,
,39,10,BOK,85/2,,Inganda,,,,,,,,,,,,
,39,11,BOK,85/2,,Inganda,,,,,,,,,,,,
,39,12,BOK,85/2,,Inganda,,,,,,,,,,,,
,39,13,BOK,85/2,,Inganda,,,,,,,,,,,,
,,,,,,,,,,,,,,,,,,
,,,,,,,,,,,,,,,,,,
,,,,,,,,,,,,,,,,,,
,,,,,,,,,,,,,,,,,,
,,,,,,,,,,,,,,,,,,
,,,,,,,,,,,,,,,,,,
,,,,,,,,,,,,,,,,,,
,,,,,,,,,,,,,,,,,,
485,51,9,,,,LON,,F4,,54,35,50,25,"58,5","19,5",0,"15,5",
485,51,10,,,,LON,,F4,,63,"41,5","57,5",33,"65,5",23,0,"15,5",
501,67,10,,,,LON,,F4,,55,45,"54,5",38,63,24,0,"15,5",Höhe geschätzt
521,87,4,,,,LON,,F4,,"73,5",61,"68,5",41,79,31,0,"20,5",Höhe geschätzt
526,92,6,,,,LON,,F4,,56,47,53,43,61,28,0,"15,5",Höhe geschätzt
